INSERT INTO DISTRIBUTOR(DISTRIBUTOR_ID,ADDRESS,NAME,PHONE_NUMBER) VALUES ('D0111','NAKREKAL','SriLaxmi Agency',9799563444);
INSERT INTO DISTRIBUTOR(DISTRIBUTOR_ID,ADDRESS,NAME,PHONE_NUMBER) VALUES ('D0222','HYDERABAD','Rathod Agency',9799563474);
INSERT INTO DISTRIBUTOR(DISTRIBUTOR_ID,ADDRESS,NAME,PHONE_NUMBER) VALUES ('D0333','DELHI','ABC Agency',9799563447);
INSERT INTO DISTRIBUTOR(DISTRIBUTOR_ID,ADDRESS,NAME,PHONE_NUMBER) VALUES ('D0444','NALGONDA','Murali Agency',9799563448);


.
INSERT INTO product_order(ORDER_ID,DATE_OF_DELIVERY,DATE_OF_ORDER,DELIVERY_STATUS,DISTRIBUTOR_ID,NAME,PRICE_PER_UNIT,QUANTITY_UNIT,QUANTITY_VALUE,TOTAL_PRICE,WAREHOUSE_ID) VALUES ('11606970',TO_DATE('2020/04/21 21:02:44', 'yyyy/mm/dd hh24:mi:ss'),TO_DATE('2020/04/11 21:02:44', 'yyyy/mm/dd hh24:mi:ss'),'DONE','D0111','SPRITE',500,10.0,100.0,500.0,'WID101');
INSERT INTO product_order(ORDER_ID,DATE_OF_DELIVERY,DATE_OF_ORDER,DELIVERY_STATUS,DISTRIBUTOR_ID,NAME,PRICE_PER_UNIT,QUANTITY_UNIT,QUANTITY_VALUE,TOTAL_PRICE,WAREHOUSE_ID) VALUES ('11606971',TO_DATE('2020/04/21 21:02:44', 'yyyy/mm/dd hh24:mi:ss'),TO_DATE('2020/04/11 21:02:44', 'yyyy/mm/dd hh24:mi:ss'),'DONE','D0222','FANTA',50.0,20.0,100.0,1000.0,'WID202');
INSERT INTO product_order(ORDER_ID,DATE_OF_DELIVERY,DATE_OF_ORDER,DELIVERY_STATUS,DISTRIBUTOR_ID,NAME,PRICE_PER_UNIT,QUANTITY_UNIT,QUANTITY_VALUE,TOTAL_PRICE,WAREHOUSE_ID) VALUES ('11606972',TO_DATE('2020/04/22 21:02:44', 'yyyy/mm/dd hh24:mi:ss'),TO_DATE('2020/04/12 21:02:44', 'yyyy/mm/dd hh24:mi:ss'),'DONE','D0333','THUMSUP',50.0,20.0,100.0,1000.0,'WID303');
INSERT INTO product_order(ORDER_ID,DATE_OF_DELIVERY,DATE_OF_ORDER,DELIVERY_STATUS,DISTRIBUTOR_ID,NAME,PRICE_PER_UNIT,QUANTITY_UNIT,QUANTITY_VALUE,TOTAL_PRICE,WAREHOUSE_ID) VALUES ('11606973',TO_DATE('2020/04/22 21:02:44', 'yyyy/mm/dd hh24:mi:ss'),TO_DATE('2020/04/12 21:02:44', 'yyyy/mm/dd hh24:mi:ss'),'DONE','D0444','PAPERBOAT',50.0,10.0,100.0,500.0,'WID404');

INSERT INTO product_order(ORDER_ID,DATE_OF_DELIVERY,DATE_OF_ORDER,DELIVERY_STATUS,DISTRIBUTOR_ID,NAME,PRICE_PER_UNIT,QUANTITY_UNIT,QUANTITY_VALUE,TOTAL_PRICE,WAREHOUSE_ID) VALUES ('11606974',TO_DATE('2020/04/23 21:02:44', 'yyyy/mm/dd hh24:mi:ss'),TO_DATE('2020/04/13 21:02:44', 'yyyy/mm/dd hh24:mi:ss'),'DISPATCHED','D0333','THUMSUP',50.0,10.0,100.0,500.0,'WID303');
INSERT INTO product_order(ORDER_ID,DATE_OF_DELIVERY,DATE_OF_ORDER,DELIVERY_STATUS,DISTRIBUTOR_ID,NAME,PRICE_PER_UNIT,QUANTITY_UNIT,QUANTITY_VALUE,TOTAL_PRICE,WAREHOUSE_ID) VALUES ('11606975',TO_DATE('2020/04/21 21:02:44', 'yyyy/mm/dd hh24:mi:ss'),TO_DATE('2020/04/11 21:02:44', 'yyyy/mm/dd hh24:mi:ss'),'DISPATCHED','D0111','SPRITE',50.0,20.0,100.0,1000.0,'WID101');
INSERT INTO product_order(ORDER_ID,DATE_OF_DELIVERY,DATE_OF_ORDER,DELIVERY_STATUS,DISTRIBUTOR_ID,NAME,PRICE_PER_UNIT,QUANTITY_UNIT,QUANTITY_VALUE,TOTAL_PRICE,WAREHOUSE_ID) VALUES ('11606976',TO_DATE('2020/04/22 21:02:44', 'yyyy/mm/dd hh24:mi:ss'),TO_DATE('2020/04/12 21:02:44', 'yyyy/mm/dd hh24:mi:ss'),'DISPATCHED','D0222','SPRITE',50.0,20.0,100.0,1000.0,'WID202');
INSERT INTO product_order(ORDER_ID,DATE_OF_DELIVERY,DATE_OF_ORDER,DELIVERY_STATUS,DISTRIBUTOR_ID,NAME,PRICE_PER_UNIT,QUANTITY_UNIT,QUANTITY_VALUE,TOTAL_PRICE,WAREHOUSE_ID) VALUES ('11606977',TO_DATE('2020/04/22 21:02:44', 'yyyy/mm/dd hh24:mi:ss'),TO_DATE('2020/04/12 21:02:44', 'yyyy/mm/dd hh24:mi:ss'),'DISPATCHED','D0444','THUMSUP',50.0,10.0,100.0,500.0,'WID404');

INSERT INTO product_order(ORDER_ID,DATE_OF_DELIVERY,DATE_OF_ORDER,DELIVERY_STATUS,DISTRIBUTOR_ID,NAME,PRICE_PER_UNIT,QUANTITY_UNIT,QUANTITY_VALUE,TOTAL_PRICE,WAREHOUSE_ID) VALUES ('11606967',TO_DATE('2020/04/25 21:02:44', 'yyyy/mm/dd hh24:mi:ss'),TO_DATE('2020/04/16 21:02:44', 'yyyy/mm/dd hh24:mi:ss'),'ONPROCESS','D0111','THUMSUP',50.0,10.0,100.0,500.0,'WID101');
INSERT INTO product_order(ORDER_ID,DATE_OF_DELIVERY,DATE_OF_ORDER,DELIVERY_STATUS,DISTRIBUTOR_ID,NAME,PRICE_PER_UNIT,QUANTITY_UNIT,QUANTITY_VALUE,TOTAL_PRICE,WAREHOUSE_ID) VALUES ('11606978',TO_DATE('2020/04/24 21:02:44', 'yyyy/mm/dd hh24:mi:ss'),TO_DATE('2020/04/15 21:02:44', 'yyyy/mm/dd hh24:mi:ss'),'ONPROCESS','D0222','SPRITE',50.0,20.0,100.0,1000.0,'WID202');
INSERT INTO product_order(ORDER_ID,DATE_OF_DELIVERY,DATE_OF_ORDER,DELIVERY_STATUS,DISTRIBUTOR_ID,NAME,PRICE_PER_UNIT,QUANTITY_UNIT,QUANTITY_VALUE,TOTAL_PRICE,WAREHOUSE_ID) VALUES ('11606979',TO_DATE('2020/04/22 21:02:44', 'yyyy/mm/dd hh24:mi:ss'),TO_DATE('2020/04/12 21:02:44', 'yyyy/mm/dd hh24:mi:ss'),'ONPROCESS','D0333','THUMSUP',50.0,30.0,100.0,1500.0,'WID303');
INSERT INTO product_order(ORDER_ID,DATE_OF_DELIVERY,DATE_OF_ORDER,DELIVERY_STATUS,DISTRIBUTOR_ID,NAME,PRICE_PER_UNIT,QUANTITY_UNIT,QUANTITY_VALUE,TOTAL_PRICE,WAREHOUSE_ID) VALUES ('11606980',TO_DATE('2020/04/22 21:02:44', 'yyyy/mm/dd hh24:mi:ss'),TO_DATE('2020/04/12 21:02:44', 'yyyy/mm/dd hh24:mi:ss'),'ONPROCESS','D0444','SPRITE',50.0,20.0,100.0,1000.0,'WID404');


INSERT INTO product_order(ORDER_ID,DATE_OF_DELIVERY,DATE_OF_ORDER,DELIVERY_STATUS,DISTRIBUTOR_ID,NAME,PRICE_PER_UNIT,QUANTITY_UNIT,QUANTITY_VALUE,TOTAL_PRICE,WAREHOUSE_ID) VALUES ('11606981',TO_DATE('2020/04/21 21:02:44', 'yyyy/mm/dd hh24:mi:ss'),TO_DATE('2020/04/11 21:02:44', 'yyyy/mm/dd hh24:mi:ss'),'DONE','D0111','THUMSUP',50.0,20.0,100.0,1000.0,'WID101');
INSERT INTO product_order(ORDER_ID,DATE_OF_DELIVERY,DATE_OF_ORDER,DELIVERY_STATUS,DISTRIBUTOR_ID,NAME,PRICE_PER_UNIT,QUANTITY_UNIT,QUANTITY_VALUE,TOTAL_PRICE,WAREHOUSE_ID) VALUES ('11606982',TO_DATE('2020/04/21 21:02:44', 'yyyy/mm/dd hh24:mi:ss'),TO_DATE('2020/04/11 21:02:44', 'yyyy/mm/dd hh24:mi:ss'),'DONE','D0222','SPRITE',50.0,20.0,100.0,1000.0,'WID202');
INSERT INTO product_order(ORDER_ID,DATE_OF_DELIVERY,DATE_OF_ORDER,DELIVERY_STATUS,DISTRIBUTOR_ID,NAME,PRICE_PER_UNIT,QUANTITY_UNIT,QUANTITY_VALUE,TOTAL_PRICE,WAREHOUSE_ID) VALUES ('11606983',TO_DATE('2020/04/22 21:02:44', 'yyyy/mm/dd hh24:mi:ss'),TO_DATE('2020/04/12 21:02:44', 'yyyy/mm/dd hh24:mi:ss'),'DONE','D0333','THUMSUP',50.0,20.0,100.0,1000.0,'WID303');
INSERT INTO product_order(ORDER_ID,DATE_OF_DELIVERY,DATE_OF_ORDER,DELIVERY_STATUS,DISTRIBUTOR_ID,NAME,PRICE_PER_UNIT,QUANTITY_UNIT,QUANTITY_VALUE,TOTAL_PRICE,WAREHOUSE_ID) VALUES ('11606984',TO_DATE('2020/04/22 21:02:44', 'yyyy/mm/dd hh24:mi:ss'),TO_DATE('2020/04/12 21:02:44', 'yyyy/mm/dd hh24:mi:ss'),'DONE','D0444','FANTA',50.0,20.0,100.0,1000.0,'WID404');

INSERT INTO product_order(ORDER_ID,DATE_OF_DELIVERY,DATE_OF_ORDER,DELIVERY_STATUS,DISTRIBUTOR_ID,NAME,PRICE_PER_UNIT,QUANTITY_UNIT,QUANTITY_VALUE,TOTAL_PRICE,WAREHOUSE_ID) VALUES ('11606985',TO_DATE('2020/04/23 21:02:44', 'yyyy/mm/dd hh24:mi:ss'),TO_DATE('2020/04/13 21:02:44', 'yyyy/mm/dd hh24:mi:ss'),'DISPATCHED','D0333','THUMSUP',50.0,10.0,100.0,500.0,'WID303');
INSERT INTO product_order(ORDER_ID,DATE_OF_DELIVERY,DATE_OF_ORDER,DELIVERY_STATUS,DISTRIBUTOR_ID,NAME,PRICE_PER_UNIT,QUANTITY_UNIT,QUANTITY_VALUE,TOTAL_PRICE,WAREHOUSE_ID) VALUES ('11606986',TO_DATE('2020/04/21 21:02:44', 'yyyy/mm/dd hh24:mi:ss'),TO_DATE('2020/04/11 21:02:44', 'yyyy/mm/dd hh24:mi:ss'),'DISPATCHED','D0111','PAPERBOAT',50.0,10.0,100.0,500.0,'WID101');
INSERT INTO product_order(ORDER_ID,DATE_OF_DELIVERY,DATE_OF_ORDER,DELIVERY_STATUS,DISTRIBUTOR_ID,NAME,PRICE_PER_UNIT,QUANTITY_UNIT,QUANTITY_VALUE,TOTAL_PRICE,WAREHOUSE_ID) VALUES ('11606987',TO_DATE('2020/04/22 21:02:44', 'yyyy/mm/dd hh24:mi:ss'),TO_DATE('2020/04/12 21:02:44', 'yyyy/mm/dd hh24:mi:ss'),'DISPATCHED','D0222','THUMSUP',50.0,10.0,100.0,500.0,'WID202');
INSERT INTO product_order(ORDER_ID,DATE_OF_DELIVERY,DATE_OF_ORDER,DELIVERY_STATUS,DISTRIBUTOR_ID,NAME,PRICE_PER_UNIT,QUANTITY_UNIT,QUANTITY_VALUE,TOTAL_PRICE,WAREHOUSE_ID) VALUES ('11606988',TO_DATE('2020/04/22 21:02:44', 'yyyy/mm/dd hh24:mi:ss'),TO_DATE('2020/04/12 21:02:44', 'yyyy/mm/dd hh24:mi:ss'),'DISPATCHED','D0444','PAPERBOAT',50.0,10.0,100.0,500.0,'WID404');


INSERT INTO product_order(ORDER_ID,DATE_OF_DELIVERY,DATE_OF_ORDER,DELIVERY_STATUS,DISTRIBUTOR_ID,NAME,PRICE_PER_UNIT,QUANTITY_UNIT,QUANTITY_VALUE,TOTAL_PRICE,WAREHOUSE_ID) VALUES ('11606989',TO_DATE('2020/04/25 21:02:44', 'yyyy/mm/dd hh24:mi:ss'),TO_DATE('2020/04/16 21:02:44', 'yyyy/mm/dd hh24:mi:ss'),'ONPROCESS','D0111','THUMSUP',50.0,20.0,100.0,1000.0,'WID101');
INSERT INTO product_order(ORDER_ID,DATE_OF_DELIVERY,DATE_OF_ORDER,DELIVERY_STATUS,DISTRIBUTOR_ID,NAME,PRICE_PER_UNIT,QUANTITY_UNIT,QUANTITY_VALUE,TOTAL_PRICE,WAREHOUSE_ID) VALUES ('11606990',TO_DATE('2020/04/24 21:02:44', 'yyyy/mm/dd hh24:mi:ss'),TO_DATE('2020/04/15 21:02:44', 'yyyy/mm/dd hh24:mi:ss'),'ONPROCESS','D0222','FANTA',50.0,20.0,100.0,1000.0,'WID202');
INSERT INTO product_order(ORDER_ID,DATE_OF_DELIVERY,DATE_OF_ORDER,DELIVERY_STATUS,DISTRIBUTOR_ID,NAME,PRICE_PER_UNIT,QUANTITY_UNIT,QUANTITY_VALUE,TOTAL_PRICE,WAREHOUSE_ID) VALUES ('11606991',TO_DATE('2020/04/22 21:02:44', 'yyyy/mm/dd hh24:mi:ss'),TO_DATE('2020/04/12 21:02:44', 'yyyy/mm/dd hh24:mi:ss'),'ONPROCESS','D0333','SPRITE',50.0,20.0,100.0,1000.0,'WID303');
INSERT INTO product_order(ORDER_ID,DATE_OF_DELIVERY,DATE_OF_ORDER,DELIVERY_STATUS,DISTRIBUTOR_ID,NAME,PRICE_PER_UNIT,QUANTITY_UNIT,QUANTITY_VALUE,TOTAL_PRICE,WAREHOUSE_ID) VALUES ('11606992',TO_DATE('2020/04/22 21:02:44', 'yyyy/mm/dd hh24:mi:ss'),TO_DATE('2020/04/12 21:02:44', 'yyyy/mm/dd hh24:mi:ss'),'ONPROCESS','D0444','SPRITE',50.0,20.0,100.0,1000.0,'WID404');


INSERT INTO product_order(ORDER_ID,DATE_OF_DELIVERY,DATE_OF_ORDER,DELIVERY_STATUS,DISTRIBUTOR_ID,NAME,PRICE_PER_UNIT,QUANTITY_UNIT,QUANTITY_VALUE,TOTAL_PRICE,WAREHOUSE_ID) VALUES ('11606993',TO_DATE('2020/04/21 21:02:44', 'yyyy/mm/dd hh24:mi:ss'),TO_DATE('2020/04/11 21:02:44', 'yyyy/mm/dd hh24:mi:ss'),'DONE','D0111','PAPERBOAT',50.0,10.0,100.0,500.0,'WID101');
INSERT INTO product_order(ORDER_ID,DATE_OF_DELIVERY,DATE_OF_ORDER,DELIVERY_STATUS,DISTRIBUTOR_ID,NAME,PRICE_PER_UNIT,QUANTITY_UNIT,QUANTITY_VALUE,TOTAL_PRICE,WAREHOUSE_ID) VALUES ('11606994',TO_DATE('2020/04/21 21:02:44', 'yyyy/mm/dd hh24:mi:ss'),TO_DATE('2020/04/11 21:02:44', 'yyyy/mm/dd hh24:mi:ss'),'DONE','D0222','THUMSUP',50.0,10.0,100.0,500.0,'WID202');
INSERT INTO product_order(ORDER_ID,DATE_OF_DELIVERY,DATE_OF_ORDER,DELIVERY_STATUS,DISTRIBUTOR_ID,NAME,PRICE_PER_UNIT,QUANTITY_UNIT,QUANTITY_VALUE,TOTAL_PRICE,WAREHOUSE_ID) VALUES ('11606995',TO_DATE('2020/04/22 21:02:44', 'yyyy/mm/dd hh24:mi:ss'),TO_DATE('2020/04/12 21:02:44', 'yyyy/mm/dd hh24:mi:ss'),'DONE','D0333','SPRITE',50.0,10.0,100.0,500.0,'WID303');
INSERT INTO product_order(ORDER_ID,DATE_OF_DELIVERY,DATE_OF_ORDER,DELIVERY_STATUS,DISTRIBUTOR_ID,NAME,PRICE_PER_UNIT,QUANTITY_UNIT,QUANTITY_VALUE,TOTAL_PRICE,WAREHOUSE_ID) VALUES ('11606996',TO_DATE('2020/04/22 21:02:44', 'yyyy/mm/dd hh24:mi:ss'),TO_DATE('2020/04/12 21:02:44', 'yyyy/mm/dd hh24:mi:ss'),'DONE','D0444','PAPERBOAT',50.0,10.0,100.0,500.0,'WID404');


INSERT INTO product_order(ORDER_ID,DATE_OF_DELIVERY,DATE_OF_ORDER,DELIVERY_STATUS,DISTRIBUTOR_ID,NAME,PRICE_PER_UNIT,QUANTITY_UNIT,QUANTITY_VALUE,TOTAL_PRICE,WAREHOUSE_ID) VALUES ('11606997',TO_DATE('2020/04/23 21:02:44', 'yyyy/mm/dd hh24:mi:ss'),TO_DATE('2020/04/13 21:02:44', 'yyyy/mm/dd hh24:mi:ss'),'DISPATCHED','D0333','FANTA',50.0,10.0,100.0,500.0,'WID303');
INSERT INTO product_order(ORDER_ID,DATE_OF_DELIVERY,DATE_OF_ORDER,DELIVERY_STATUS,DISTRIBUTOR_ID,NAME,PRICE_PER_UNIT,QUANTITY_UNIT,QUANTITY_VALUE,TOTAL_PRICE,WAREHOUSE_ID) VALUES ('11606998',TO_DATE('2020/04/21 21:02:44', 'yyyy/mm/dd hh24:mi:ss'),TO_DATE('2020/04/11 21:02:44', 'yyyy/mm/dd hh24:mi:ss'),'DISPATCHED','D0111','PAPERBOAT',50.0,10.0,100.0,500.0,'WID101');
INSERT INTO product_order(ORDER_ID,DATE_OF_DELIVERY,DATE_OF_ORDER,DELIVERY_STATUS,DISTRIBUTOR_ID,NAME,PRICE_PER_UNIT,QUANTITY_UNIT,QUANTITY_VALUE,TOTAL_PRICE,WAREHOUSE_ID) VALUES ('11606999',TO_DATE('2020/04/22 21:02:44', 'yyyy/mm/dd hh24:mi:ss'),TO_DATE('2020/04/12 21:02:44', 'yyyy/mm/dd hh24:mi:ss'),'DISPATCHED','D0444','THUMSUP',50.0,10.0,100.0,500.0,'WID404');
INSERT INTO product_order(ORDER_ID,DATE_OF_DELIVERY,DATE_OF_ORDER,DELIVERY_STATUS,DISTRIBUTOR_ID,NAME,PRICE_PER_UNIT,QUANTITY_UNIT,QUANTITY_VALUE,TOTAL_PRICE,WAREHOUSE_ID) VALUES ('11607001',TO_DATE('2020/04/22 21:02:44', 'yyyy/mm/dd hh24:mi:ss'),TO_DATE('2020/04/12 21:02:44', 'yyyy/mm/dd hh24:mi:ss'),'DISPATCHED','D0222','FANTA',50.0,10.0,100.0,500.0,'WID202');

INSERT INTO product_order(ORDER_ID,DATE_OF_DELIVERY,DATE_OF_ORDER,DELIVERY_STATUS,DISTRIBUTOR_ID,NAME,PRICE_PER_UNIT,QUANTITY_UNIT,QUANTITY_VALUE,TOTAL_PRICE,WAREHOUSE_ID) VALUES ('11607002',TO_DATE('2020/04/25 21:02:44', 'yyyy/mm/dd hh24:mi:ss'),TO_DATE('2020/04/16 21:02:44', 'yyyy/mm/dd hh24:mi:ss'),'ONPROCESS','D0111','PAPERBOAT',50.0,20.0,100.0,1000.0,'WID101');
INSERT INTO product_order(ORDER_ID,DATE_OF_DELIVERY,DATE_OF_ORDER,DELIVERY_STATUS,DISTRIBUTOR_ID,NAME,PRICE_PER_UNIT,QUANTITY_UNIT,QUANTITY_VALUE,TOTAL_PRICE,WAREHOUSE_ID) VALUES ('11607003',TO_DATE('2020/04/24 21:02:44', 'yyyy/mm/dd hh24:mi:ss'),TO_DATE('2020/04/15 21:02:44', 'yyyy/mm/dd hh24:mi:ss'),'ONPROCESS','D0222','THUMSUP',50.0,20.0,100.0,1000.0,'WID202');
INSERT INTO product_order(ORDER_ID,DATE_OF_DELIVERY,DATE_OF_ORDER,DELIVERY_STATUS,DISTRIBUTOR_ID,NAME,PRICE_PER_UNIT,QUANTITY_UNIT,QUANTITY_VALUE,TOTAL_PRICE,WAREHOUSE_ID) VALUES ('11607004',TO_DATE('2020/04/22 21:02:44', 'yyyy/mm/dd hh24:mi:ss'),TO_DATE('2020/04/12 21:02:44', 'yyyy/mm/dd hh24:mi:ss'),'ONPROCESS','D0333','FANTA',50.0,20.0,100.0,1000.0,'WID303');
INSERT INTO product_order(ORDER_ID,DATE_OF_DELIVERY,DATE_OF_ORDER,DELIVERY_STATUS,DISTRIBUTOR_ID,NAME,PRICE_PER_UNIT,QUANTITY_UNIT,QUANTITY_VALUE,TOTAL_PRICE,WAREHOUSE_ID) VALUES ('11607005',TO_DATE('2020/04/22 21:02:44', 'yyyy/mm/dd hh24:mi:ss'),TO_DATE('2020/04/12 21:02:44', 'yyyy/mm/dd hh24:mi:ss'),'ONPROCESS','D0444','PAPERBOAT',50.0,20.0,100.0,1000.0,'WID404');


INSERT INTO product_order(ORDER_ID,DATE_OF_DELIVERY,DATE_OF_ORDER,DELIVERY_STATUS,DISTRIBUTOR_ID,NAME,PRICE_PER_UNIT,QUANTITY_UNIT,QUANTITY_VALUE,TOTAL_PRICE,WAREHOUSE_ID) VALUES ('11607006',TO_DATE('2020/04/21 21:02:44', 'yyyy/mm/dd hh24:mi:ss'),TO_DATE('2020/04/11 21:02:44', 'yyyy/mm/dd hh24:mi:ss'),'DONE','D0111','PAPERBOAT',50.0,10.0,100.0,500.0,'WID101');
INSERT INTO product_order(ORDER_ID,DATE_OF_DELIVERY,DATE_OF_ORDER,DELIVERY_STATUS,DISTRIBUTOR_ID,NAME,PRICE_PER_UNIT,QUANTITY_UNIT,QUANTITY_VALUE,TOTAL_PRICE,WAREHOUSE_ID) VALUES ('11607007',TO_DATE('2020/04/21 21:02:44', 'yyyy/mm/dd hh24:mi:ss'),TO_DATE('2020/04/11 21:02:44', 'yyyy/mm/dd hh24:mi:ss'),'DONE','D0222','THUMSUP',50.0,10.0,100.0,500.0,'WID202');
INSERT INTO product_order(ORDER_ID,DATE_OF_DELIVERY,DATE_OF_ORDER,DELIVERY_STATUS,DISTRIBUTOR_ID,NAME,PRICE_PER_UNIT,QUANTITY_UNIT,QUANTITY_VALUE,TOTAL_PRICE,WAREHOUSE_ID) VALUES ('11607008',TO_DATE('2020/04/22 21:02:44', 'yyyy/mm/dd hh24:mi:ss'),TO_DATE('2020/04/12 21:02:44', 'yyyy/mm/dd hh24:mi:ss'),'DONE','D0333','PAPERBOAT',50.0,10.0,100.0,500.0,'WID303');
INSERT INTO product_order(ORDER_ID,DATE_OF_DELIVERY,DATE_OF_ORDER,DELIVERY_STATUS,DISTRIBUTOR_ID,NAME,PRICE_PER_UNIT,QUANTITY_UNIT,QUANTITY_VALUE,TOTAL_PRICE,WAREHOUSE_ID) VALUES ('11607009',TO_DATE('2020/04/22 21:02:44', 'yyyy/mm/dd hh24:mi:ss'),TO_DATE('2020/04/12 21:02:44', 'yyyy/mm/dd hh24:mi:ss'),'DONE','D0444','FANTA',50.0,10.0,100.0,500.0,'WID404');

INSERT INTO product_order(ORDER_ID,DATE_OF_DELIVERY,DATE_OF_ORDER,DELIVERY_STATUS,DISTRIBUTOR_ID,NAME,PRICE_PER_UNIT,QUANTITY_UNIT,QUANTITY_VALUE,TOTAL_PRICE,WAREHOUSE_ID) VALUES ('11607010',TO_DATE('2020/04/23 21:02:44', 'yyyy/mm/dd hh24:mi:ss'),TO_DATE('2020/04/13 21:02:44', 'yyyy/mm/dd hh24:mi:ss'),'DISPATCHED','D0333','PAPERBOAT',50.0,20.0,100.0,1000.0,'WID303');
INSERT INTO product_order(ORDER_ID,DATE_OF_DELIVERY,DATE_OF_ORDER,DELIVERY_STATUS,DISTRIBUTOR_ID,NAME,PRICE_PER_UNIT,QUANTITY_UNIT,QUANTITY_VALUE,TOTAL_PRICE,WAREHOUSE_ID) VALUES ('11607011',TO_DATE('2020/04/21 21:02:44', 'yyyy/mm/dd hh24:mi:ss'),TO_DATE('2020/04/11 21:02:44', 'yyyy/mm/dd hh24:mi:ss'),'DISPATCHED','D0111','FANTA',50.0,20.0,100.0,1000.0,'WID101');
INSERT INTO product_order(ORDER_ID,DATE_OF_DELIVERY,DATE_OF_ORDER,DELIVERY_STATUS,DISTRIBUTOR_ID,NAME,PRICE_PER_UNIT,QUANTITY_UNIT,QUANTITY_VALUE,TOTAL_PRICE,WAREHOUSE_ID) VALUES ('11607012',TO_DATE('2020/04/22 21:02:44', 'yyyy/mm/dd hh24:mi:ss'),TO_DATE('2020/04/12 21:02:44', 'yyyy/mm/dd hh24:mi:ss'),'DISPATCHED','D0222','THUMSUP',50.0,20.0,100.0,1000.0,'WID202');
INSERT INTO product_order(ORDER_ID,DATE_OF_DELIVERY,DATE_OF_ORDER,DELIVERY_STATUS,DISTRIBUTOR_ID,NAME,PRICE_PER_UNIT,QUANTITY_UNIT,QUANTITY_VALUE,TOTAL_PRICE,WAREHOUSE_ID) VALUES ('11607013',TO_DATE('2020/04/22 21:02:44', 'yyyy/mm/dd hh24:mi:ss'),TO_DATE('2020/04/12 21:02:44', 'yyyy/mm/dd hh24:mi:ss'),'DISPATCHED','D0444','PAPERBOAT',50.0,20.0,100.0,1000.0,'WID404');

INSERT INTO product_order(ORDER_ID,DATE_OF_DELIVERY,DATE_OF_ORDER,DELIVERY_STATUS,DISTRIBUTOR_ID,NAME,PRICE_PER_UNIT,QUANTITY_UNIT,QUANTITY_VALUE,TOTAL_PRICE,WAREHOUSE_ID) VALUES ('11607014',TO_DATE('2020/04/25 21:02:44', 'yyyy/mm/dd hh24:mi:ss'),TO_DATE('2020/04/16 21:02:44', 'yyyy/mm/dd hh24:mi:ss'),'ONPROCESS','D0111','PAPERBOAT',50.0,10.0,100.0,500.0,'WID101');
INSERT INTO product_order(ORDER_ID,DATE_OF_DELIVERY,DATE_OF_ORDER,DELIVERY_STATUS,DISTRIBUTOR_ID,NAME,PRICE_PER_UNIT,QUANTITY_UNIT,QUANTITY_VALUE,TOTAL_PRICE,WAREHOUSE_ID) VALUES ('11607015',TO_DATE('2020/04/24 21:02:44', 'yyyy/mm/dd hh24:mi:ss'),TO_DATE('2020/04/15 21:02:44', 'yyyy/mm/dd hh24:mi:ss'),'ONPROCESS','D0222','PAPERBOAT',50.0,10.0,100.0,500.0,'WID202');
INSERT INTO product_order(ORDER_ID,DATE_OF_DELIVERY,DATE_OF_ORDER,DELIVERY_STATUS,DISTRIBUTOR_ID,NAME,PRICE_PER_UNIT,QUANTITY_UNIT,QUANTITY_VALUE,TOTAL_PRICE,WAREHOUSE_ID) VALUES ('11607016',TO_DATE('2020/04/22 21:02:44', 'yyyy/mm/dd hh24:mi:ss'),TO_DATE('2020/04/12 21:02:44', 'yyyy/mm/dd hh24:mi:ss'),'ONPROCESS','D0333','PAPERBOAT',50.0,10.0,100.0,500.0,'WID303');
INSERT INTO product_order(ORDER_ID,DATE_OF_DELIVERY,DATE_OF_ORDER,DELIVERY_STATUS,DISTRIBUTOR_ID,NAME,PRICE_PER_UNIT,QUANTITY_UNIT,QUANTITY_VALUE,TOTAL_PRICE,WAREHOUSE_ID) VALUES ('11607017',TO_DATE('2020/04/22 21:02:44', 'yyyy/mm/dd hh24:mi:ss'),TO_DATE('2020/04/12 21:02:44', 'yyyy/mm/dd hh24:mi:ss'),'ONPROCESS','D0444','PAPERBOAT',50.0,10.0,100.0,500.0,'WID404');






INSERT INTO product_specs(PRODUCT_ID,NAME,PRICE_PER_UNIT,QUANTITY_UNIT,QUANTITY_VALUE) VALUES ('p10606970','MAZZA',50.0,2,100.0);
INSERT INTO product_specs(PRODUCT_ID,NAME,PRICE_PER_UNIT,QUANTITY_UNIT,QUANTITY_VALUE) VALUES ('p1060691','SPRITE',50.0,2,100.0);
INSERT INTO product_specs(PRODUCT_ID,NAME,PRICE_PER_UNIT,QUANTITY_UNIT,QUANTITY_VALUE) VALUES ('p10606972','COLA',50.0,2,100.0);
